Timestamp,Temperature,Humidity,LightIntensity,CO2
2024-12-15 00:00:00,18.07,74.65,13.1,1027.92
2024-12-15 00:02:00,18.39,73.74,1.28,973.18
2024-12-15 00:04:00,17.65,73.07,46.48,990.82
2024-12-15 00:06:00,18.25,73.38,7.05,1021.75
2024-12-15 00:08:00,17.93,75.65,18.87,981.52
2024-12-15 00:10:00,17.73,76.84,9.03,1001.62
2024-12-15 00:12:00,18.38,76.7,2.11,998.66
2024-12-15 00:14:00,17.68,76.94,31.41,996.87
2024-12-15 00:16:00,17.92,75.94,47.8,982.13
2024-12-15 00:18:00,18.27,75.03,4.87,1002.82
2024-12-15 00:20:00,18.33,73.0,33.34,998.66
2024-12-15 00:22:00,18.05,73.82,39.77,1023.84
2024-12-15 00:24:00,18.28,74.25,42.24,1012.52
2024-12-15 00:26:00,18.35,75.72,25.54,1020.04
2024-12-15 00:28:00,17.51,74.14,23.44,1000.75
2024-12-15 00:30:00,17.56,73.15,7.07,979.39
2024-12-15 00:32:00,18.35,73.08,49.32,1025.91
2024-12-15 00:34:00,17.54,73.63,9.31,980.03
2024-12-15 00:36:00,18.12,75.33,35.7,1018.09
2024-12-15 00:38:00,18.15,75.28,42.97,977.07
2024-12-15 00:40:00,17.55,75.3,36.4,970.95
2024-12-15 00:42:00,17.8,76.29,46.77,1028.39
2024-12-15 00:44:00,17.84,76.57,13.22,1018.12
2024-12-15 00:46:00,17.88,75.48,34.07,985.06
2024-12-15 00:48:00,18.41,76.41,5.04,990.64
2024-12-15 00:50:00,17.91,73.28,28.85,1025.22
2024-12-15 00:52:00,17.71,74.66,32.26,1028.49
2024-12-15 00:54:00,17.96,73.4,33.63,1014.56
2024-12-15 00:56:00,17.87,74.07,18.71,1004.3
2024-12-15 00:58:00,17.65,73.02,2.1,995.28
2024-12-15 01:00:00,18.19,73.13,6.45,1015.8
2024-12-15 01:02:00,17.98,73.81,26.65,993.3
2024-12-15 01:04:00,17.88,76.05,29.17,1011.09
2024-12-15 01:06:00,18.39,75.42,24.23,1006.41
2024-12-15 01:08:00,17.63,74.16,12.08,997.41
2024-12-15 01:10:00,18.33,75.62,23.46,982.47
2024-12-15 01:12:00,18.3,74.49,27.09,976.61
2024-12-15 01:14:00,17.9,74.29,2.26,1000.75
2024-12-15 01:16:00,18.34,74.67,34.63,975.5
2024-12-15 01:18:00,17.52,75.47,36.77,1016.96
2024-12-15 01:20:00,17.52,74.24,7.06,1010.53
2024-12-15 01:22:00,18.39,74.34,43.62,1029.75
2024-12-15 01:24:00,17.91,76.13,35.74,989.03
2024-12-15 01:26:00,18.1,76.18,7.99,982.47
2024-12-15 01:28:00,17.7,75.19,3.59,1000.53
2024-12-15 01:30:00,17.53,76.01,6.05,984.34
2024-12-15 01:32:00,18.1,75.83,6.46,983.15
2024-12-15 01:34:00,17.94,74.34,1.02,993.44
2024-12-15 01:36:00,17.82,75.69,44.22,1007.93
2024-12-15 01:38:00,17.6,73.61,48.73,1017.96
2024-12-15 01:40:00,17.54,76.55,1.39,1029.74
2024-12-15 01:42:00,17.72,73.32,12.95,1004.8
2024-12-15 01:44:00,18.14,76.6,23.29,975.36
2024-12-15 01:46:00,17.5,73.29,3.29,983.34
2024-12-15 01:48:00,18.5,75.96,25.99,1026.22
2024-12-15 01:50:00,18.36,74.19,49.23,1020.1
2024-12-15 01:52:00,17.61,75.32,28.84,1025.18
2024-12-15 01:54:00,17.87,76.35,35.97,993.95
2024-12-15 01:56:00,17.84,74.65,29.89,1014.99
2024-12-15 01:58:00,18.35,76.72,8.33,1023.97
2024-12-15 02:00:00,17.63,76.2,33.35,1022.79
2024-12-15 02:02:00,18.46,76.47,8.43,1000.03
2024-12-15 02:04:00,17.85,76.54,10.39,972.79
2024-12-15 02:06:00,17.65,74.62,39.7,987.13
2024-12-15 02:08:00,18.2,76.05,17.04,976.58
2024-12-15 02:10:00,18.5,73.48,49.94,980.17
2024-12-15 02:12:00,17.74,74.82,8.21,989.69
2024-12-15 02:14:00,18.33,75.96,46.22,983.58
2024-12-15 02:16:00,17.81,76.87,8.52,994.48
2024-12-15 02:18:00,17.73,76.2,29.24,1029.2
2024-12-15 02:20:00,17.52,73.25,48.99,998.98
2024-12-15 02:22:00,17.7,76.35,17.09,978.32
2024-12-15 02:24:00,17.86,73.68,31.23,977.31
2024-12-15 02:26:00,17.79,76.68,47.71,1021.65
2024-12-15 02:28:00,18.28,74.8,38.62,973.67
2024-12-15 02:30:00,18.11,74.74,14.42,1017.22
2024-12-15 02:32:00,17.96,73.75,47.84,1016.9
2024-12-15 02:34:00,17.85,76.91,39.26,981.92
2024-12-15 02:36:00,17.67,73.85,41.14,974.2
2024-12-15 02:38:00,17.87,76.97,28.05,998.05
2024-12-15 02:40:00,17.7,74.43,41.37,1023.41
2024-12-15 02:42:00,17.76,75.22,35.66,1010.13
2024-12-15 02:44:00,18.48,75.82,30.31,1025.38
2024-12-15 02:46:00,18.1,73.9,1.97,1021.61
2024-12-15 02:48:00,17.5,74.57,19.92,1023.47
2024-12-15 02:50:00,18.35,73.67,3.33,1023.18
2024-12-15 02:52:00,18.45,75.46,5.03,989.24
2024-12-15 02:54:00,18.04,73.99,17.95,988.02
2024-12-15 02:56:00,17.79,75.23,46.21,990.65
2024-12-15 02:58:00,17.94,74.05,22.2,986.86
2024-12-15 03:00:00,17.55,76.42,27.63,980.41
2024-12-15 03:02:00,18.12,74.45,44.82,992.54
2024-12-15 03:04:00,17.84,76.81,22.44,989.89
2024-12-15 03:06:00,17.96,74.77,5.68,996.79
2024-12-15 03:08:00,17.6,75.0,39.62,975.42
2024-12-15 03:10:00,18.16,75.25,34.72,1012.98
2024-12-15 03:12:00,18.09,74.06,27.52,999.62
2024-12-15 03:14:00,18.26,75.29,39.08,1011.72
2024-12-15 03:16:00,18.41,76.76,1.99,987.03
2024-12-15 03:18:00,18.34,76.14,23.97,977.6
2024-12-15 03:20:00,17.84,75.38,41.09,980.83
2024-12-15 03:22:00,17.6,73.35,42.81,989.66
2024-12-15 03:24:00,17.85,76.84,39.86,1000.92
2024-12-15 03:26:00,18.3,74.47,11.36,987.67
2024-12-15 03:28:00,18.19,73.02,44.04,972.97
2024-12-15 03:30:00,17.71,75.88,32.91,1027.65
2024-12-15 03:32:00,17.63,76.53,41.77,985.45
2024-12-15 03:34:00,18.48,76.85,34.74,1027.66
2024-12-15 03:36:00,17.88,75.0,23.44,1025.18
2024-12-15 03:38:00,18.47,76.15,13.15,984.48
2024-12-15 03:40:00,18.3,73.21,38.15,978.44
2024-12-15 03:42:00,17.59,73.97,25.67,978.38
2024-12-15 03:44:00,18.27,73.33,16.74,975.8
2024-12-15 03:46:00,17.68,76.19,28.48,1021.65
2024-12-15 03:48:00,18.42,73.28,24.29,995.05
2024-12-15 03:50:00,18.04,76.0,31.57,971.5
2024-12-15 03:52:00,18.28,76.81,20.73,1002.39
2024-12-15 03:54:00,18.07,74.33,11.52,977.29
2024-12-15 03:56:00,18.44,75.45,42.8,1024.15
2024-12-15 03:58:00,17.53,76.41,20.82,991.54
2024-12-15 04:00:00,18.33,74.83,14.54,1022.58
2024-12-15 04:02:00,17.87,74.59,20.16,970.75
2024-12-15 04:04:00,18.28,74.31,35.63,988.86
2024-12-15 04:06:00,17.69,74.02,34.1,999.55
2024-12-15 04:08:00,18.43,76.25,30.35,991.41
2024-12-15 04:10:00,18.51,73.99,14.73,1022.03
2024-12-15 04:12:00,17.84,72.98,31.57,989.67
2024-12-15 04:14:00,18.56,73.96,30.68,989.3
2024-12-15 04:16:00,18.44,76.5,48.97,971.47
2024-12-15 04:18:00,18.61,72.87,41.25,996.41
2024-12-15 04:20:00,17.95,75.82,49.83,1019.78
2024-12-15 04:22:00,17.87,75.37,9.67,974.23
2024-12-15 04:24:00,17.76,76.21,38.63,1018.77
2024-12-15 04:26:00,17.97,76.32,15.88,1003.93
2024-12-15 04:28:00,18.09,73.78,18.56,991.18
2024-12-15 04:30:00,18.38,73.62,5.06,1017.09
2024-12-15 04:32:00,18.62,75.6,38.97,969.26
2024-12-15 04:34:00,18.62,73.16,39.22,970.47
2024-12-15 04:36:00,18.42,75.93,42.28,987.8
2024-12-15 04:38:00,18.45,72.97,1.9,975.09
2024-12-15 04:40:00,17.96,72.4,32.44,974.54
2024-12-15 04:42:00,18.18,74.95,36.25,969.94
2024-12-15 04:44:00,18.36,74.96,33.36,968.99
2024-12-15 04:46:00,18.38,74.43,40.16,1015.99
2024-12-15 04:48:00,17.92,75.62,12.77,997.27
2024-12-15 04:50:00,18.88,73.58,17.51,994.46
2024-12-15 04:52:00,18.61,73.51,37.5,1002.51
2024-12-15 04:54:00,18.2,73.49,46.33,995.78
2024-12-15 04:56:00,18.14,75.39,11.4,1007.61
2024-12-15 04:58:00,18.36,74.06,1.94,979.96
2024-12-15 05:00:00,18.97,73.03,8.47,983.82
2024-12-15 05:02:00,18.81,72.65,29.59,1001.57
2024-12-15 05:04:00,18.16,71.99,49.12,1011.19
2024-12-15 05:06:00,18.28,72.61,5.17,967.99
2024-12-15 05:08:00,18.62,73.45,14.16,1014.7
2024-12-15 05:10:00,18.28,74.96,40.48,1002.22
2024-12-15 05:12:00,18.98,74.57,28.43,990.79
2024-12-15 05:14:00,18.59,71.86,30.7,1005.08
2024-12-15 05:16:00,18.67,72.51,23.85,1020.39
2024-12-15 05:18:00,18.5,74.66,10.77,996.66
2024-12-15 05:20:00,18.82,71.69,41.31,1016.35
2024-12-15 05:22:00,18.96,74.85,22.12,996.21
2024-12-15 05:24:00,19.02,72.49,35.65,968.59
2024-12-15 05:26:00,18.53,73.5,48.36,998.87
2024-12-15 05:28:00,19.13,72.97,40.24,986.86
2024-12-15 05:30:00,18.72,71.19,38.11,978.99
2024-12-15 05:32:00,18.63,72.99,19.95,988.85
2024-12-15 05:34:00,18.59,72.95,7.08,975.49
2024-12-15 05:36:00,18.8,72.09,20.7,991.6
2024-12-15 05:38:00,19.39,71.59,26.81,979.54
2024-12-15 05:40:00,18.92,73.82,39.69,968.98
2024-12-15 05:42:00,19.24,73.38,22.73,983.9
2024-12-15 05:44:00,19.64,73.97,45.16,963.37
2024-12-15 05:46:00,19.23,71.63,17.19,1009.08
2024-12-15 05:48:00,19.24,70.55,47.98,993.75
2024-12-15 05:50:00,18.85,73.42,44.83,980.85
2024-12-15 05:52:00,19.13,70.73,45.24,1006.01
2024-12-15 05:54:00,19.48,72.82,22.54,1000.79
2024-12-15 05:56:00,19.37,69.96,28.52,985.05
2024-12-15 05:58:00,19.63,71.51,23.98,986.2
2024-12-15 06:00:00,19.46,73.22,-1356.21,1003.5
2024-12-15 06:02:00,19.87,71.9,1978.28,957.98
2024-12-15 06:04:00,19.09,71.68,-430.95,987.19
2024-12-15 06:06:00,19.53,69.46,2352.41,980.56
2024-12-15 06:08:00,19.65,72.67,-724.03,947.85
2024-12-15 06:10:00,20.11,70.5,-374.38,973.54
2024-12-15 06:12:00,20.16,70.65,1657.66,956.06
2024-12-15 06:14:00,20.09,70.61,2708.17,990.44
2024-12-15 06:16:00,19.59,71.02,3913.08,958.46
2024-12-15 06:18:00,20.18,70.79,1160.51,986.26
2024-12-15 06:20:00,20.22,71.36,2034.82,970.93
2024-12-15 06:22:00,20.19,71.75,2682.08,987.61
2024-12-15 06:24:00,19.98,71.04,3844.73,984.2
2024-12-15 06:26:00,19.8,68.02,3341.97,947.09
2024-12-15 06:28:00,20.53,70.7,3167.25,954.5
2024-12-15 06:30:00,19.76,70.92,2904.39,959.17
2024-12-15 06:32:00,19.76,67.64,4918.45,988.08
2024-12-15 06:34:00,20.32,68.36,5033.62,949.19
2024-12-15 06:36:00,20.22,67.67,5986.92,935.53
2024-12-15 06:38:00,20.51,69.01,6743.26,990.59
2024-12-15 06:40:00,20.61,68.04,5191.72,946.55
2024-12-15 06:42:00,20.23,69.01,6957.34,957.11
2024-12-15 06:44:00,20.79,67.94,5199.3,966.58
2024-12-15 06:46:00,20.55,67.03,4229.07,957.3
2024-12-15 06:48:00,20.82,68.35,7064.51,967.2
2024-12-15 06:50:00,20.9,68.81,6959.22,966.95
2024-12-15 06:52:00,20.33,69.67,5596.73,977.4
2024-12-15 06:54:00,20.6,67.44,8457.96,959.59
2024-12-15 06:56:00,20.67,68.3,6728.85,924.98
2024-12-15 06:58:00,20.91,70.05,7097.16,944.5
2024-12-15 07:00:00,21.05,69.4,6181.65,969.27
2024-12-15 07:02:00,21.03,65.91,7087.82,947.59
2024-12-15 07:04:00,21.04,68.47,6936.66,927.13
2024-12-15 07:06:00,21.22,65.79,7408.27,963.88
2024-12-15 07:08:00,20.57,65.87,7093.85,952.63
2024-12-15 07:10:00,20.74,65.69,8511.51,953.44
2024-12-15 07:12:00,21.6,68.89,8468.62,947.95
2024-12-15 07:14:00,20.87,66.51,11281.35,936.49
2024-12-15 07:16:00,21.64,67.16,9018.76,928.63
2024-12-15 07:18:00,20.86,65.31,9678.49,952.28
2024-12-15 07:20:00,21.71,65.84,8475.35,952.93
2024-12-15 07:22:00,21.74,64.72,8560.57,946.58
2024-12-15 07:24:00,21.95,66.1,11099.52,933.23
2024-12-15 07:26:00,21.01,64.81,10077.59,936.86
2024-12-15 07:28:00,21.6,64.63,9681.51,923.17
2024-12-15 07:30:00,21.79,67.63,11428.35,903.19
2024-12-15 07:32:00,21.91,66.12,13275.94,932.68
2024-12-15 07:34:00,22.15,64.43,12357.55,949.48
2024-12-15 07:36:00,22.2,67.44,10998.43,933.86
2024-12-15 07:38:00,21.89,66.62,11882.85,922.07
2024-12-15 07:40:00,21.43,66.55,13611.76,943.76
2024-12-15 07:42:00,21.53,63.23,14029.61,933.19
2024-12-15 07:44:00,21.69,66.21,13715.25,934.46
2024-12-15 07:46:00,22.0,66.38,12138.0,926.61
2024-12-15 07:48:00,22.19,62.76,14689.85,940.85
2024-12-15 07:50:00,22.39,65.36,12575.4,929.79
2024-12-15 07:52:00,22.12,64.2,12180.02,907.54
2024-12-15 07:54:00,22.19,66.07,12326.08,886.98
2024-12-15 07:56:00,22.77,64.82,15502.76,905.39
2024-12-15 07:58:00,22.11,65.25,15240.61,887.74
2024-12-15 08:00:00,22.08,63.49,15259.13,926.03
2024-12-15 08:02:00,22.82,64.42,14210.76,909.89
2024-12-15 08:04:00,23.03,61.93,14272.34,889.08
2024-12-15 08:06:00,22.58,62.76,14814.2,916.3
2024-12-15 08:08:00,22.52,61.75,17580.79,902.62
2024-12-15 08:10:00,22.91,65.13,17334.61,913.05
2024-12-15 08:12:00,23.23,62.45,14758.01,899.91
2024-12-15 08:14:00,22.41,64.49,15023.57,899.93
2024-12-15 08:16:00,22.46,62.03,15038.71,865.51
2024-12-15 08:18:00,23.13,60.92,18886.54,867.55
2024-12-15 08:20:00,23.47,62.8,17868.08,903.62
2024-12-15 08:22:00,22.92,60.5,17592.04,865.98
2024-12-15 08:24:00,23.2,62.44,16706.21,860.33
2024-12-15 08:26:00,23.16,63.72,19010.47,867.45
2024-12-15 08:28:00,23.4,61.43,17268.06,850.41
2024-12-15 08:30:00,23.39,61.34,18646.54,854.39
2024-12-15 08:32:00,22.96,61.88,17024.96,893.17
2024-12-15 08:34:00,23.74,61.26,16951.41,844.47
2024-12-15 08:36:00,23.22,61.03,18448.27,854.97
2024-12-15 08:38:00,23.28,60.42,17974.01,847.77
2024-12-15 08:40:00,23.83,62.06,21111.96,846.0
2024-12-15 08:42:00,23.89,62.78,20968.02,889.06
2024-12-15 08:44:00,23.65,60.44,20196.56,858.51
2024-12-15 08:46:00,24.13,60.96,20354.0,855.02
2024-12-15 08:48:00,23.99,60.42,18372.57,878.13
2024-12-15 08:50:00,24.26,60.94,19228.43,839.88
2024-12-15 08:52:00,24.1,60.96,22274.32,860.54
2024-12-15 08:54:00,24.25,58.38,21651.16,881.77
2024-12-15 08:56:00,24.11,58.99,21349.38,822.05
2024-12-15 08:58:00,24.3,58.35,21994.1,822.47
2024-12-15 09:00:00,24.18,60.3,19556.18,874.67
2024-12-15 09:02:00,24.47,58.7,20856.15,874.37
2024-12-15 09:04:00,24.03,57.94,23031.85,820.32
2024-12-15 09:06:00,24.36,57.79,21723.34,829.13
2024-12-15 09:08:00,24.29,58.98,23733.78,861.78
2024-12-15 09:10:00,24.16,59.87,23092.17,817.66
2024-12-15 09:12:00,24.35,57.28,22237.14,829.16
2024-12-15 09:14:00,24.33,59.16,24365.31,819.18
2024-12-15 09:16:00,23.92,60.74,22265.72,855.5
2024-12-15 09:18:00,24.52,58.21,21159.68,840.42
2024-12-15 09:20:00,24.88,60.64,22976.88,855.16
2024-12-15 09:22:00,24.47,59.93,24652.82,844.26
2024-12-15 09:24:00,24.87,60.2,23879.32,796.42
2024-12-15 09:26:00,24.57,56.77,22668.63,806.75
2024-12-15 09:28:00,24.18,57.86,24131.09,830.52
2024-12-15 09:30:00,25.13,60.09,23005.94,808.67
2024-12-15 09:32:00,24.98,59.34,23062.13,786.38
2024-12-15 09:34:00,25.02,57.71,25533.8,807.55
2024-12-15 09:36:00,24.75,59.43,22964.48,819.08
2024-12-15 09:38:00,24.43,57.04,25069.71,801.19
2024-12-15 09:40:00,24.69,57.32,23368.35,827.18
2024-12-15 09:42:00,24.54,56.97,24131.29,793.15
2024-12-15 09:44:00,24.65,57.05,24599.62,783.54
2024-12-15 09:46:00,25.1,57.92,24346.96,818.38
2024-12-15 09:48:00,24.89,59.32,26793.82,773.59
2024-12-15 09:50:00,25.21,58.09,25513.5,784.17
2024-12-15 09:52:00,24.58,57.18,26479.37,811.56
2024-12-15 09:54:00,25.57,58.71,26882.09,820.42
2024-12-15 09:56:00,24.81,57.41,26681.29,774.89
2024-12-15 09:58:00,25.24,57.79,24808.33,812.92
2024-12-15 10:00:00,25.36,57.06,26893.29,808.27
2024-12-15 10:02:00,25.47,58.95,25982.07,804.29
2024-12-15 10:04:00,25.37,55.16,25348.65,779.77
2024-12-15 10:06:00,25.32,57.96,27778.56,792.15
2024-12-15 10:08:00,25.43,57.14,27499.89,798.19
2024-12-15 10:10:00,25.19,57.33,26778.98,758.71
2024-12-15 10:12:00,25.67,54.83,28723.44,784.98
2024-12-15 10:14:00,25.35,58.59,26104.26,756.45
2024-12-15 10:16:00,25.44,56.93,27082.34,751.4
2024-12-15 10:18:00,25.36,58.54,25521.74,778.13
2024-12-15 10:20:00,25.24,57.44,27721.18,760.95
2024-12-15 10:22:00,25.84,57.01,28519.35,754.16
2024-12-15 10:24:00,24.91,57.11,27814.91,765.35
2024-12-15 10:26:00,25.9,54.49,26135.78,749.28
2024-12-15 10:28:00,24.96,57.73,27796.61,792.67
2024-12-15 10:30:00,25.29,55.78,26650.42,796.8
2024-12-15 10:32:00,25.13,57.1,28473.84,746.23
2024-12-15 10:34:00,25.44,55.86,28563.28,794.65
2024-12-15 10:36:00,24.99,57.57,28209.67,782.61
2024-12-15 10:38:00,25.87,57.91,29275.11,776.22
2024-12-15 10:40:00,25.19,58.08,27981.11,774.04
2024-12-15 10:42:00,25.65,55.28,26384.93,758.83
2024-12-15 10:44:00,25.33,55.89,27349.6,778.23
2024-12-15 10:46:00,25.52,56.77,28003.28,756.66
2024-12-15 10:48:00,25.97,57.69,29972.55,743.08
2024-12-15 10:50:00,25.06,55.21,29426.6,775.36
2024-12-15 10:52:00,25.08,55.18,27684.56,726.74
2024-12-15 10:54:00,25.63,56.0,26802.62,767.88
2024-12-15 10:56:00,25.51,56.39,27816.19,742.09
2024-12-15 10:58:00,25.31,54.55,30512.47,776.14
2024-12-15 11:00:00,25.86,54.54,29308.66,766.2
2024-12-15 11:02:00,25.57,55.74,27127.1,726.49
2024-12-15 11:04:00,25.06,55.03,29344.84,748.5
2024-12-15 11:06:00,25.71,56.61,30602.62,765.9
2024-12-15 11:08:00,25.06,54.86,28998.59,771.54
2024-12-15 11:10:00,25.41,55.12,30542.25,756.31
2024-12-15 11:12:00,25.04,55.72,30962.67,749.86
2024-12-15 11:14:00,24.98,55.25,29547.58,770.83
2024-12-15 11:16:00,25.32,54.83,30484.0,761.28
2024-12-15 11:18:00,25.49,57.75,30525.34,763.02
2024-12-15 11:20:00,25.38,55.94,31147.85,730.76
2024-12-15 11:22:00,25.36,56.02,28011.47,777.31
2024-12-15 11:24:00,25.83,58.22,31154.16,757.29
2024-12-15 11:26:00,25.33,58.14,30469.57,719.36
2024-12-15 11:28:00,25.23,55.95,30190.46,750.66
2024-12-15 11:30:00,25.76,58.52,28947.8,758.59
2024-12-15 11:32:00,25.0,57.78,27952.85,748.84
2024-12-15 11:34:00,25.26,56.98,31540.52,719.18
2024-12-15 11:36:00,25.73,55.02,29818.35,760.58
2024-12-15 11:38:00,25.35,56.03,30971.84,740.85
2024-12-15 11:40:00,25.62,56.15,29213.32,773.4
2024-12-15 11:42:00,25.62,56.02,28137.35,744.42
2024-12-15 11:44:00,24.84,59.04,29901.59,740.23
2024-12-15 11:46:00,24.79,58.51,31387.95,727.78
2024-12-15 11:48:00,24.88,57.56,29518.58,744.84
2024-12-15 11:50:00,24.82,57.25,30531.42,727.66
2024-12-15 11:52:00,24.61,55.55,31427.64,743.95
2024-12-15 11:54:00,25.0,57.42,28453.28,723.06
2024-12-15 11:56:00,25.46,59.15,30911.93,747.13
2024-12-15 11:58:00,25.29,57.58,31082.82,755.5
2024-12-15 12:00:00,24.91,58.0,28440.03,733.87
2024-12-15 12:02:00,25.19,58.79,31263.5,754.78
2024-12-15 12:04:00,24.42,58.39,30567.73,762.38
2024-12-15 12:06:00,24.37,57.98,29912.94,722.48
2024-12-15 12:08:00,24.56,56.78,29639.68,738.78
2024-12-15 12:10:00,24.93,59.69,28384.05,730.9
2024-12-15 12:12:00,25.09,56.29,30368.88,745.42
2024-12-15 12:14:00,25.06,60.13,31751.76,778.75
2024-12-15 12:16:00,24.27,57.89,28328.5,751.86
2024-12-15 12:18:00,24.97,57.96,28564.29,787.48
2024-12-15 12:20:00,25.02,57.81,30910.78,744.72
2024-12-15 12:22:00,24.21,57.65,30283.12,738.34
2024-12-15 12:24:00,24.06,57.04,29965.59,783.72
2024-12-15 12:26:00,24.21,59.33,28413.2,759.75
2024-12-15 12:28:00,24.64,57.32,31228.3,752.39
2024-12-15 12:30:00,24.52,59.42,28844.99,767.12
2024-12-15 12:32:00,24.01,61.29,29846.8,759.93
2024-12-15 12:34:00,24.63,60.35,30767.96,787.66
2024-12-15 12:36:00,23.88,61.59,28558.21,781.89
2024-12-15 12:38:00,23.74,58.93,30720.93,767.22
2024-12-15 12:40:00,23.88,59.63,29806.78,772.94
2024-12-15 12:42:00,24.21,58.35,30080.3,802.47
2024-12-15 12:44:00,24.13,60.36,30392.64,747.41
2024-12-15 12:46:00,23.71,61.72,31383.65,762.48
2024-12-15 12:48:00,24.04,59.58,28096.52,795.48
2024-12-15 12:50:00,23.83,60.92,29488.14,758.53
2024-12-15 12:52:00,23.75,60.92,27930.56,780.46
2024-12-15 12:54:00,23.71,61.72,28990.28,790.49
2024-12-15 12:56:00,23.41,61.71,29036.12,805.57
2024-12-15 12:58:00,23.78,59.73,30035.82,781.35
2024-12-15 13:00:00,23.42,59.58,29416.71,803.99
2024-12-15 13:02:00,23.03,61.7,30623.78,786.83
2024-12-15 13:04:00,22.94,62.37,27580.4,802.84
2024-12-15 13:06:00,23.41,60.47,29775.5,795.13
2024-12-15 13:08:00,23.68,60.21,30646.48,802.57
2024-12-15 13:10:00,23.15,62.24,28894.68,798.18
2024-12-15 13:12:00,23.25,60.77,28759.35,824.91
2024-12-15 13:14:00,23.03,63.34,28557.33,816.89
2024-12-15 13:16:00,23.45,63.07,28652.66,801.93
2024-12-15 13:18:00,23.21,61.23,28588.73,827.47
2024-12-15 13:20:00,23.34,61.23,29996.02,803.6
2024-12-15 13:22:00,22.35,62.74,29622.67,838.81
2024-12-15 13:24:00,22.36,61.09,26483.49,804.3
2024-12-15 13:26:00,22.42,62.51,29774.57,797.89
2024-12-15 13:28:00,22.74,62.36,26589.33,792.03
2024-12-15 13:30:00,22.87,63.43,28705.1,819.09
2024-12-15 13:32:00,22.7,64.63,26650.14,810.81
2024-12-15 13:34:00,22.42,62.99,25633.67,812.27
2024-12-15 13:36:00,22.36,64.17,28582.07,796.87
2024-12-15 13:38:00,22.55,62.67,28683.92,845.4
2024-12-15 13:40:00,21.95,63.0,29164.37,818.19
2024-12-15 13:42:00,21.89,63.19,28238.85,809.05
2024-12-15 13:44:00,22.13,63.38,27668.85,820.06
2024-12-15 13:46:00,21.61,63.25,25703.64,821.55
2024-12-15 13:48:00,22.1,63.07,28396.24,852.64
2024-12-15 13:50:00,21.66,65.41,28158.48,862.58
2024-12-15 13:52:00,21.93,63.5,27830.96,844.71
2024-12-15 13:54:00,21.87,64.62,26115.07,863.16
2024-12-15 13:56:00,22.01,65.22,26912.84,867.76
2024-12-15 13:58:00,22.04,66.04,25290.3,854.95
2024-12-15 14:00:00,21.38,66.83,26528.43,876.22
2024-12-15 14:02:00,21.6,66.62,24603.13,834.62
2024-12-15 14:04:00,21.61,67.42,25699.03,865.42
2024-12-15 14:06:00,21.12,66.66,25764.55,841.55
2024-12-15 14:08:00,21.26,68.47,24780.12,863.27
2024-12-15 14:10:00,21.53,66.92,24417.79,865.31
2024-12-15 14:12:00,20.68,67.5,26781.63,872.65
2024-12-15 14:14:00,21.01,65.66,24426.69,883.81
2024-12-15 14:16:00,20.81,65.41,24891.79,884.56
2024-12-15 14:18:00,21.15,66.83,26522.68,852.83
2024-12-15 14:20:00,21.22,66.3,23598.61,880.53
2024-12-15 14:22:00,20.75,69.88,23864.13,873.56
2024-12-15 14:24:00,20.53,69.79,25123.03,909.51
2024-12-15 14:26:00,21.15,68.85,23324.88,863.94
2024-12-15 14:28:00,20.4,68.31,21993.04,879.78
2024-12-15 14:30:00,20.54,66.63,23324.5,872.91
2024-12-15 14:32:00,20.05,70.22,22280.08,872.29
2024-12-15 14:34:00,20.81,70.27,21726.26,907.65
2024-12-15 14:36:00,20.53,67.3,22884.64,921.37
2024-12-15 14:38:00,20.79,70.33,23910.98,927.04
2024-12-15 14:40:00,20.5,69.46,23150.06,916.14
2024-12-15 14:42:00,19.8,70.25,20975.74,890.21
2024-12-15 14:44:00,20.4,68.58,20752.46,937.58
2024-12-15 14:46:00,20.49,68.39,23114.46,917.16
2024-12-15 14:48:00,20.33,71.04,20530.49,893.83
2024-12-15 14:50:00,19.97,71.25,23821.47,891.68
2024-12-15 14:52:00,19.71,71.0,23583.4,923.58
2024-12-15 14:54:00,19.66,70.24,20884.61,916.84
2024-12-15 14:56:00,19.33,70.05,19691.55,899.01
2024-12-15 14:58:00,19.37,70.24,21506.21,956.27
2024-12-15 15:00:00,19.34,70.01,20805.86,938.31
2024-12-15 15:02:00,20.03,71.86,20937.78,907.92
2024-12-15 15:04:00,19.2,73.22,21718.33,909.45
2024-12-15 15:06:00,19.83,73.21,21929.49,953.65
2024-12-15 15:08:00,19.07,73.55,19470.99,944.59
2024-12-15 15:10:00,19.22,71.4,19544.53,961.27
2024-12-15 15:12:00,19.4,72.05,19277.46,944.64
2024-12-15 15:14:00,19.67,73.04,18168.74,958.21
2024-12-15 15:16:00,19.03,73.14,18008.88,928.64
2024-12-15 15:18:00,19.26,73.32,19588.34,977.98
2024-12-15 15:20:00,19.16,74.1,18405.51,933.81
2024-12-15 15:22:00,19.12,72.96,20161.51,942.7
2024-12-15 15:24:00,18.78,73.14,19808.52,962.84
2024-12-15 15:26:00,18.48,73.38,19041.53,973.35
2024-12-15 15:28:00,18.33,72.4,20468.35,995.72
2024-12-15 15:30:00,18.64,74.79,18882.6,978.64
2024-12-15 15:32:00,19.16,74.94,18978.65,965.4
2024-12-15 15:34:00,18.94,72.58,18208.86,978.19
2024-12-15 15:36:00,18.1,72.92,18506.26,994.79
2024-12-15 15:38:00,18.82,72.92,17164.49,1001.21
2024-12-15 15:40:00,18.97,75.39,17085.12,984.5
2024-12-15 15:42:00,18.56,74.31,18417.99,1008.98
2024-12-15 15:44:00,18.45,72.12,15108.6,961.09
2024-12-15 15:46:00,18.28,73.88,16707.74,960.02
2024-12-15 15:48:00,17.87,76.19,15076.57,969.68
2024-12-15 15:50:00,18.4,72.66,14975.62,983.82
2024-12-15 15:52:00,18.26,75.13,15144.91,994.35
2024-12-15 15:54:00,17.99,75.66,15159.69,1013.9
2024-12-15 15:56:00,18.29,73.94,15899.87,1012.36
2024-12-15 15:58:00,18.27,75.27,13905.68,976.69
2024-12-15 16:00:00,17.59,76.52,16399.49,982.44
2024-12-15 16:02:00,18.08,74.61,13498.39,1017.4
2024-12-15 16:04:00,18.29,75.89,14631.09,1006.42
2024-12-15 16:06:00,17.86,74.72,13765.7,998.7
2024-12-15 16:08:00,17.64,75.26,15107.6,1015.76
2024-12-15 16:10:00,17.78,74.64,14562.36,1028.65
2024-12-15 16:12:00,17.35,74.95,11966.79,1018.28
2024-12-15 16:14:00,17.96,74.37,12014.11,988.04
2024-12-15 16:16:00,17.87,74.68,15018.38,988.32
2024-12-15 16:18:00,17.7,76.95,13193.23,987.18
2024-12-15 16:20:00,17.78,76.07,14205.08,1039.15
2024-12-15 16:22:00,17.97,77.47,13852.29,1040.51
2024-12-15 16:24:00,17.64,77.14,14186.93,1037.37
2024-12-15 16:26:00,17.78,75.59,12794.95,1023.15
2024-12-15 16:28:00,17.12,74.95,12718.59,1043.22
2024-12-15 16:30:00,17.66,78.45,12678.29,1015.45
2024-12-15 16:32:00,17.35,76.63,10381.67,1010.4
2024-12-15 16:34:00,17.6,76.63,10031.3,1042.62
2024-12-15 16:36:00,17.75,76.1,10957.35,1019.81
2024-12-15 16:38:00,17.62,76.55,12134.14,1008.63
2024-12-15 16:40:00,17.64,77.56,11810.26,1007.35
2024-12-15 16:42:00,17.24,78.9,9712.5,1054.36
2024-12-15 16:44:00,17.62,78.85,11322.44,1013.99
2024-12-15 16:46:00,17.23,75.93,8779.26,1024.18
2024-12-15 16:48:00,17.28,79.12,9024.45,1034.77
2024-12-15 16:50:00,16.8,77.0,7767.77,1046.93
2024-12-15 16:52:00,16.65,75.85,8252.03,1039.5
2024-12-15 16:54:00,17.04,77.9,7566.27,1055.99
2024-12-15 16:56:00,16.97,78.08,9724.68,1026.83
2024-12-15 16:58:00,16.58,77.69,7913.57,1069.14
2024-12-15 17:00:00,17.25,79.52,6728.63,1038.96
2024-12-15 17:02:00,16.66,76.29,9014.01,1041.64
2024-12-15 17:04:00,17.25,79.66,8044.74,1038.85
2024-12-15 17:06:00,16.48,77.77,7448.23,1046.67
2024-12-15 17:08:00,16.45,76.86,6942.5,1019.66
2024-12-15 17:10:00,16.65,77.55,8420.79,1064.76
2024-12-15 17:12:00,16.72,78.57,5084.36,1038.71
2024-12-15 17:14:00,16.5,76.1,7472.47,1027.32
2024-12-15 17:16:00,16.34,78.25,4984.65,1027.96
2024-12-15 17:18:00,17.01,78.32,5985.66,1022.14
2024-12-15 17:20:00,17.07,78.84,5196.17,1035.14
2024-12-15 17:22:00,17.06,77.19,4897.56,1027.33
2024-12-15 17:24:00,16.84,79.84,5412.27,1034.28
2024-12-15 17:26:00,16.89,77.28,4806.83,1030.72
2024-12-15 17:28:00,17.0,78.84,3968.15,1070.51
2024-12-15 17:30:00,16.98,79.73,4193.06,1058.86
2024-12-15 17:32:00,16.69,79.7,4625.52,1050.49
2024-12-15 17:34:00,16.82,78.04,2810.35,1067.8
2024-12-15 17:36:00,16.66,79.63,3403.68,1054.72
2024-12-15 17:38:00,16.86,79.66,943.28,1065.03
2024-12-15 17:40:00,16.93,77.34,1821.56,1045.82
2024-12-15 17:42:00,16.38,77.53,1320.22,1066.1
2024-12-15 17:44:00,16.73,79.02,1776.25,1060.64
2024-12-15 17:46:00,16.48,76.77,1101.74,1040.16
2024-12-15 17:48:00,17.05,79.35,2593.36,1080.15
2024-12-15 17:50:00,16.52,76.9,960.9,1050.68
2024-12-15 17:52:00,16.15,78.33,-7.99,1047.52
2024-12-15 17:54:00,16.19,77.01,-689.28,1061.77
2024-12-15 17:56:00,17.0,77.27,-449.68,1054.55
2024-12-15 17:58:00,16.68,78.82,-860.06,1056.0
2024-12-15 18:00:00,16.06,77.64,-1759.8,1038.61
2024-12-15 18:02:00,16.06,78.68,22.63,1078.6
2024-12-15 18:04:00,16.67,79.72,21.48,1077.78
2024-12-15 18:06:00,16.36,76.99,34.71,1046.09
2024-12-15 18:08:00,16.22,77.24,32.46,1026.88
2024-12-15 18:10:00,16.87,77.95,32.86,1074.28
2024-12-15 18:12:00,16.22,78.05,14.04,1082.43
2024-12-15 18:14:00,16.05,77.17,19.3,1075.9
2024-12-15 18:16:00,16.76,78.05,13.69,1053.16
2024-12-15 18:18:00,16.48,80.0,1.33,1035.79
2024-12-15 18:20:00,16.8,77.55,47.66,1035.05
2024-12-15 18:22:00,16.92,79.88,8.35,1043.97
2024-12-15 18:24:00,16.01,77.51,42.49,1045.17
2024-12-15 18:26:00,16.36,79.82,48.07,1056.75
2024-12-15 18:28:00,16.61,79.58,47.2,1026.63
2024-12-15 18:30:00,16.19,80.06,28.93,1033.84
2024-12-15 18:32:00,16.54,78.11,40.23,1067.79
2024-12-15 18:34:00,16.91,80.3,38.44,1032.05
2024-12-15 18:36:00,16.93,77.31,9.1,1082.41
2024-12-15 18:38:00,16.72,78.8,30.36,1066.87
2024-12-15 18:40:00,16.33,79.62,30.67,1033.19
2024-12-15 18:42:00,16.63,80.57,1.67,1043.41
2024-12-15 18:44:00,16.9,80.2,30.85,1023.23
2024-12-15 18:46:00,16.45,76.93,9.88,1051.78
2024-12-15 18:48:00,16.52,77.45,33.21,1043.69
2024-12-15 18:50:00,16.13,79.12,29.41,1059.7
2024-12-15 18:52:00,16.43,77.04,4.42,1070.14
2024-12-15 18:54:00,16.3,77.52,14.38,1078.57
2024-12-15 18:56:00,16.31,77.68,33.58,1070.87
2024-12-15 18:58:00,16.79,79.28,9.76,1047.32
2024-12-15 19:00:00,16.25,76.68,47.2,1046.95
2024-12-15 19:02:00,16.9,77.19,47.67,1052.4
2024-12-15 19:04:00,16.82,78.96,0.96,1034.12
2024-12-15 19:06:00,16.69,77.98,37.42,1046.64
2024-12-15 19:08:00,16.86,78.28,30.03,1026.79
2024-12-15 19:10:00,16.84,78.56,12.2,1069.52
2024-12-15 19:12:00,16.97,77.15,1.68,1056.97
2024-12-15 19:14:00,16.32,76.9,10.16,1059.04
2024-12-15 19:16:00,16.19,79.79,45.03,1058.12
2024-12-15 19:18:00,16.55,79.99,14.81,1071.27
2024-12-15 19:20:00,16.18,78.52,37.73,1070.83
2024-12-15 19:22:00,16.15,78.6,26.3,1039.28
2024-12-15 19:24:00,16.35,76.5,23.0,1056.16
2024-12-15 19:26:00,16.9,78.55,7.39,1040.63
2024-12-15 19:28:00,17.07,78.03,34.76,1024.81
2024-12-15 19:30:00,16.48,79.12,48.79,1070.85
2024-12-15 19:32:00,16.59,79.75,49.4,1061.11
2024-12-15 19:34:00,16.58,79.15,46.93,1020.72
2024-12-15 19:36:00,16.23,76.75,6.49,1015.73
2024-12-15 19:38:00,16.37,79.9,40.47,1071.64
2024-12-15 19:40:00,16.5,78.17,37.86,1025.33
2024-12-15 19:42:00,16.74,79.27,32.5,1015.67
2024-12-15 19:44:00,16.73,79.6,30.87,1058.57
2024-12-15 19:46:00,16.61,77.32,33.77,1068.52
2024-12-15 19:48:00,16.62,79.79,35.25,1023.89
2024-12-15 19:50:00,16.52,78.77,34.03,1049.01
2024-12-15 19:52:00,17.23,76.46,46.41,1015.7
2024-12-15 19:54:00,16.9,79.28,20.84,1046.73
2024-12-15 19:56:00,16.41,78.68,26.36,1024.05
2024-12-15 19:58:00,17.02,79.12,30.84,1040.01
2024-12-15 20:00:00,16.95,76.31,15.11,1020.49
2024-12-15 20:02:00,16.92,77.0,28.4,1021.2
2024-12-15 20:04:00,17.17,76.52,49.84,1016.75
2024-12-15 20:06:00,17.15,78.43,18.85,1049.22
2024-12-15 20:08:00,17.26,77.18,44.96,1020.87
2024-12-15 20:10:00,17.21,77.85,33.06,1021.02
2024-12-15 20:12:00,17.05,76.32,18.74,1032.01
2024-12-15 20:14:00,16.78,77.27,19.81,1032.92
2024-12-15 20:16:00,17.39,78.71,42.56,1017.75
2024-12-15 20:18:00,17.26,79.09,14.36,1012.7
2024-12-15 20:20:00,17.07,79.36,16.44,1054.22
2024-12-15 20:22:00,16.73,78.93,44.52,1019.44
2024-12-15 20:24:00,17.07,77.37,24.44,1006.35
2024-12-15 20:26:00,17.47,77.63,34.88,1028.89
2024-12-15 20:28:00,17.35,77.92,43.19,1039.71
2024-12-15 20:30:00,16.72,75.64,20.67,1044.34
2024-12-15 20:32:00,17.22,75.7,38.47,1057.46
2024-12-15 20:34:00,17.07,78.99,1.0,1013.53
2024-12-15 20:36:00,17.06,76.78,29.36,1024.1
2024-12-15 20:38:00,16.78,76.58,40.94,1051.88
2024-12-15 20:40:00,16.57,76.79,13.11,1004.27
2024-12-15 20:42:00,16.93,75.95,31.72,1053.61
2024-12-15 20:44:00,16.72,75.99,25.22,996.01
2024-12-15 20:46:00,16.62,78.26,4.31,1052.54
2024-12-15 20:48:00,16.88,76.81,10.58,1040.35
2024-12-15 20:50:00,16.7,76.88,18.41,1031.58
2024-12-15 20:52:00,16.7,76.1,15.26,1017.35
2024-12-15 20:54:00,16.86,76.95,37.97,1023.49
2024-12-15 20:56:00,17.65,76.45,41.88,1002.02
2024-12-15 20:58:00,17.67,76.16,46.69,1049.15
2024-12-15 21:00:00,17.33,78.91,26.1,1033.83
2024-12-15 21:02:00,17.68,77.69,12.11,1014.14
2024-12-15 21:04:00,17.13,77.45,32.8,1021.2
2024-12-15 21:06:00,17.37,76.78,45.84,1036.19
2024-12-15 21:08:00,17.16,74.93,48.77,997.26
2024-12-15 21:10:00,17.06,78.48,48.65,1030.02
2024-12-15 21:12:00,16.85,78.06,40.24,1015.03
2024-12-15 21:14:00,17.15,77.59,14.61,1006.67
2024-12-15 21:16:00,17.41,76.04,13.51,1026.33
2024-12-15 21:18:00,16.98,74.9,44.53,995.45
2024-12-15 21:20:00,17.6,78.68,3.45,1007.91
2024-12-15 21:22:00,17.56,75.66,21.17,1046.22
2024-12-15 21:24:00,16.82,77.8,8.4,1039.34
2024-12-15 21:26:00,17.57,74.89,27.48,1006.88
2024-12-15 21:28:00,17.26,75.04,14.52,990.55
2024-12-15 21:30:00,17.85,78.43,18.46,1009.01
2024-12-15 21:32:00,17.74,76.8,36.39,1035.0
2024-12-15 21:34:00,16.97,76.31,40.95,1002.52
2024-12-15 21:36:00,17.09,77.66,19.63,990.44
2024-12-15 21:38:00,17.84,76.24,45.05,1011.03
2024-12-15 21:40:00,17.07,77.16,23.91,1012.31
2024-12-15 21:42:00,16.94,76.57,43.58,1023.42
2024-12-15 21:44:00,16.99,76.29,15.43,992.3
2024-12-15 21:46:00,17.07,77.13,16.85,1015.62
2024-12-15 21:48:00,17.93,77.77,46.84,1004.4
2024-12-15 21:50:00,17.04,77.86,23.95,989.66
2024-12-15 21:52:00,17.09,74.37,23.55,1037.37
2024-12-15 21:54:00,17.65,75.63,1.18,1007.59
2024-12-15 21:56:00,17.36,77.78,36.2,995.34
2024-12-15 21:58:00,17.69,78.02,37.3,1037.87
2024-12-15 22:00:00,17.15,76.31,40.87,991.86
2024-12-15 22:02:00,17.5,76.06,20.14,990.85
2024-12-15 22:04:00,17.51,75.0,15.46,983.16
2024-12-15 22:06:00,17.61,74.27,1.77,1033.91
2024-12-15 22:08:00,17.11,74.35,26.64,994.57
2024-12-15 22:10:00,17.3,74.74,6.52,1024.52
2024-12-15 22:12:00,17.61,75.21,35.2,1012.67
2024-12-15 22:14:00,17.26,76.03,3.81,1029.93
2024-12-15 22:16:00,18.02,77.7,28.96,993.12
2024-12-15 22:18:00,17.37,75.29,7.07,1008.69
2024-12-15 22:20:00,17.88,76.91,24.79,1028.15
2024-12-15 22:22:00,17.82,76.35,46.01,1003.93
2024-12-15 22:24:00,17.7,75.23,33.25,1021.03
2024-12-15 22:26:00,17.51,77.55,23.49,1032.55
2024-12-15 22:28:00,17.89,74.71,32.58,980.47
2024-12-15 22:30:00,17.56,76.85,27.65,1029.51
2024-12-15 22:32:00,17.21,77.42,10.76,1001.0
2024-12-15 22:34:00,18.11,76.98,10.43,1002.63
2024-12-15 22:36:00,17.78,74.26,17.55,987.22
2024-12-15 22:38:00,17.98,76.85,26.18,985.72
2024-12-15 22:40:00,17.49,74.74,0.75,979.08
2024-12-15 22:42:00,17.45,74.9,21.26,1002.01
2024-12-15 22:44:00,17.32,76.14,12.33,999.7
2024-12-15 22:46:00,17.88,77.7,44.08,1007.67
2024-12-15 22:48:00,17.92,75.61,47.51,1003.59
2024-12-15 22:50:00,17.38,77.25,46.48,1036.04
2024-12-15 22:52:00,17.58,77.15,9.07,1006.59
2024-12-15 22:54:00,17.96,75.23,43.1,988.27
2024-12-15 22:56:00,17.43,75.07,15.43,1019.27
2024-12-15 22:58:00,17.89,75.5,2.63,1019.06
2024-12-15 23:00:00,17.35,73.82,35.4,1014.24
2024-12-15 23:02:00,18.06,75.48,44.75,998.3
2024-12-15 23:04:00,17.58,77.33,36.97,1006.64
2024-12-15 23:06:00,17.38,75.16,28.84,1023.98
2024-12-15 23:08:00,17.97,77.07,46.48,1011.99
2024-12-15 23:10:00,17.95,75.41,3.72,987.66
2024-12-15 23:12:00,17.72,74.67,36.38,1006.41
2024-12-15 23:14:00,17.85,76.98,17.66,975.67
2024-12-15 23:16:00,18.01,74.4,13.47,1008.81
2024-12-15 23:18:00,17.36,76.11,45.27,1009.76
2024-12-15 23:20:00,18.13,75.16,11.96,1010.54
2024-12-15 23:22:00,18.16,76.49,4.13,981.87
2024-12-15 23:24:00,18.15,74.52,49.29,978.51
2024-12-15 23:26:00,18.17,75.82,32.42,997.51
2024-12-15 23:28:00,17.71,77.38,46.48,985.88
2024-12-15 23:30:00,18.09,76.37,47.68,978.78
2024-12-15 23:32:00,17.65,74.74,13.29,1006.42
2024-12-15 23:34:00,17.44,74.25,39.33,1019.31
2024-12-15 23:36:00,17.52,75.38,4.06,999.73
2024-12-15 23:38:00,18.27,75.51,49.74,1006.31
2024-12-15 23:40:00,17.8,74.98,4.86,1020.02
2024-12-15 23:42:00,18.18,77.17,41.85,1017.45
2024-12-15 23:44:00,17.41,73.77,29.65,1031.96
2024-12-15 23:46:00,17.74,74.03,47.31,1012.07
2024-12-15 23:48:00,18.33,77.2,46.15,1015.32
2024-12-15 23:50:00,17.37,76.43,17.78,999.43
2024-12-15 23:52:00,17.42,73.8,17.51,982.54
2024-12-15 23:54:00,18.13,75.32,1.99,1003.11
2024-12-15 23:56:00,17.79,76.57,19.26,977.5
2024-12-15 23:58:00,17.79,75.28,20.66,986.83
